{
  "center_rect": [
    0.5557593732408266,
    0.35049316953712284,
    0.1265020868516804,
    0.5
  ],
  "left_rect": [
    0.3890625,
    0.34930555555555554,
    0.12864583333333335,
    0.5
  ],
  "right_rect": [
    0.7375,
    0.35115740740740736,
    0.14479166666666676,
    0.5
  ]
}